[
    {
        "Name": "map",
        "Help": "load a map",
        "value": null
    },
    {
        "Name": "mapinfo",
        "Help": "current map info",
        "value": null
    },
    {
        "Name": "lightmap_filter",
        "Help": "Enable or disable lightmap texture filtering for debug purposes",
        "value": null
    },
    {
        "Name": "lightmap_reload",
        "Help": "",
        "value": null
    },
    {
        "Name": "gamemode",
        "Help": "Loads a gamemode locally installed in addons",
        "value": null
    },
    {
        "Name": "bot",
        "Help": "Spawn a fucking bot player",
        "value": null
    },
    {
        "Name": "Scoreboard",
        "Help": "",
        "value": null
    },
    {
        "Name": "timescale",
        "Help": "Slow shit down",
        "value": null
    },
    {
        "Name": "screenshot",
        "Help": "Take a high resolution screenshot",
        "value": null
    },
    {
        "Name": "VersionScm",
        "Help": "Information about the latest commit to SCM",
        "value": null
    }
]
