[
    {
        "Name": "map",
        "Help": "load a map",
        "value": null
    },
    {
        "Name": "mapinfo",
        "Help": "current map info",
        "value": null
    },
    {
        "Name": "lightmap_filter",
        "Help": "Enable or disable lightmap texture filtering for debug purposes",
        "value": null
    },
    {
        "Name": "lightmap_reload",
        "Help": "",
        "value": null
    },
    {
        "Name": "gamemode",
        "Help": "Loads a gamemode locally installed in addons",
        "value": null
    }
]