{
    "Emitters": [
      {
        "Name": "Emitter",
        "ModuleRequired": {
          "UseLocalSpace": false,
          "MaxDrawCount": 500,
          "UseMaxDrawCount": true,
          "EmitterLoops": 0,
          "EmitterOrigin": "0",
          "Material": null,
          "ScreenAlignment": 1,
          "SortMode": 2
        },
        "ModuleSpawn": {
          "Rate": "Linear, 100, 100",
          "RateScale": "Linear, 1, 1",
          "BurstScale": "Linear, 1, 1",
          "BurstMethod": 0,
          "BurstList": []
        },
        "Modules": {
          "Lifetime": {
            "Duration": "Linear, 2, 2"
          },
          "Size": {
            "StartSize": "Random, 10, 10, 10, 20, 20, 20"
          },
          "LocationPrimitiveSphere": {
            "StartRadius": "Linear, 10, 10"
          },
          "Color": {
            "StartColor": "Random, 0, 0, 0, 1, 1, 1",
            "StartAlpha": "Linear, 1, 1",
            "ClampAlpha": true
          },
          "Velocity": {
            "StartVelocity": "Linear, 0, 0, 0, 0, 0, 0",
            "StartVelocityRadial": "Linear, 100, 100"
          },
          "ColorScaleOverLife": {
            "ColorScale": "Linear, 1, 1, 1, 1, 1, 1",
            "AlphaScale": "Linear, 1, 0"
          },
          "SizeMultiplyLife": {
            "LifeMultiplier": "Linear, 1, 1, 1, 0, 0, 0"
          },
          "Rotation": {
            "StartRotation": "Random, 0, 360"
          },
          "RotationRate": {
            "StartRotationRate": "Random, -2, 2"
          }
        }
      },
      {
        "Name": "Emitter2",
        "ModuleRequired": {
          "UseLocalSpace": false,
          "MaxDrawCount": 1000,
          "UseMaxDrawCount": true,
          "EmitterLoops": 0,
          "EmitterOrigin": "0",
          "Material": "particles/cube.mat",
          "ScreenAlignment": 1,
          "SortMode": 1
        },
        "ModuleSpawn": {
          "Rate": "Linear, 1, 1",
          "RateScale": "Linear, 1, 1",
          "BurstScale": "Linear, 1, 1",
          "BurstMethod": 0,
          "BurstList": [
            {
              "Count": 100,
              "CountLow": -1,
              "Time": 0.0
            }
          ]
        },
        "Modules": {
          "VelocityInheritParent": {
            "Scale": "Linear, 1, 1, 1, 1, 1, 1"
          },
          "Rotation": {
            "StartRotation": "Linear, 0, 0"
          },
          "RotationRate": {
            "StartRotationRate": "Linear, 0, 0"
          },
          "LocationPrimitiveSphere": {
            "StartRadius": "Linear, 50, 50"
          },
          "Size": {
            "StartSize": "Linear, 0.200000002980232, 0.200000002980232, 0.200000002980232, 0.200000002980232, 0.200000002980232, 0.200000002980232"
          },
          "SizeMultiplyLife": {
            "LifeMultiplier": "Linear, 1, 1, 1, 0, 0, 0"
          },
          "ColorScaleOverLife": {
            "ColorScale": "Linear, 1, 1, 1, 1, 1, 1",
            "AlphaScale": "Linear, 1, 0"
          },
          "Lifetime": {
            "Duration": "Linear, 2, 2"
          },
          "TypeDataMesh": {
            "Model": "models/Cube.fbx",
            "CastShadows": true,
            "DoCollisions": false,
            "OverrideMaterial": true,
            "OverrideDefaultMotionBlurSettings": true,
            "EnableMotionBlur": true
          },
          "Collision": {
            "DampingFactor": "Random, 0.5, 0.5, 0.5, 1, 1, 1",
            "DampingFactorRotation": "Linear, 0, 0, 0, 0, 0, 0",
            "MaxCollisions": "Linear, 5, 5",
            "ParticleMass": "Linear, 2, 2",
            "ApplyPhysics": true,
            "CollideOnlyIfVisible": false,
            "DropDetail": false,
            "IgnoreSourceEntity": true,
            "IgnoreTriggerVolumes": true,
            "OnlyVerticalNormalsDecrementCount": false,
            "ControllablesDoNotDecrementCount": true,
            "MaxCollisionDistance": 5000.0,
            "VerticalFudgeFactor": 0.10000000149011612,
            "DirScalar": 3.5,
            "CollisionCompletionOption": 0,
            "CollisionChannels": [
              1
            ]
          },
          "Color": {
            "StartColor": "Random, 0, 0, 0, 1, 1, 1",
            "StartAlpha": "Linear, 1, 1",
            "ClampAlpha": true
          },
          "VelocityCone": {
            "Velocity": "Linear, 500, 500",
            "Angle": "Linear, 0, 0",
            "Direction": "0, 0, 1"
          },
          "Acceleration": {
            "Value": "Linear, 0, 0, -980, 0, 0, -980"
          }
        }
      }
    ]
  }